X1;X2;X3;X4
chr1;   785910;  1630687;hr0894
chr20; 38461960; 38462015;hr0894
chr1;   817185;  1630687;hr0001
chr1;   817185;  1630687;hr0036
chr1;   983193;  1630687;hr0962
chr1;  1898043;  2702781;hr0724
chr1;  2145970;  2702781;hr0728
chr1;  3524817;  3928704;hr0255
chr1;  3765505;  3928704;hr0372
chr20; 38461960; 38462015;hr0372
chr1;  4638499;  7366717;hr1060
chr20; 38461960; 38462015;hr1060
chr1;  4689016;  6093465;hr0820
chr1;  6157799;  7366717;hr1195
chr20; 38461960; 38462015;hr1195
chr1; 10489323; 12357935;hr0078
chr20; 38461960; 38462015;hr0078
chr1; 13801656; 14369963;hr0556
chr1; 15783173; 16799163;hr0178
chr1; 17850975; 17870325;hr0443
chr1; 18567269; 19651290;hr1200
chr1; 19514680; 19651290;hr1119
chr1; 19730265; 21537462;hr0652
chr1; 22338281; 23497808;hr0754
chr1; 23736496; 24542879;hr0480
chr1; 24351782; 24542879;hr0058
chr1; 24381392; 24542879;hr0527
chr1; 25790488; 27376810;hr0256
chr1; 29319614; 29551570;hr0465
chr1; 29319614; 29551570;hr1213
chr1; 30429514; 31476527;hr0419
chr1; 36492229; 37611748;hr0610
chr1; 37644080; 41425982;hr0629
chr1; 39734182; 41425982;hr0897
chr1; 47698950; 53432689;hr0735
chr1; 48647949; 53432689;hr0245
chr1; 54127363; 56084239;hr0755
chr1; 55014830; 56084239;hr0286
chr1; 58227369; 62304727;hr0420
chr1; 59156719; 62304727;hr0756
chr1; 64023184; 64075703;hr0936
chr1; 71463606; 73974006;hr1052
chr1; 78473023; 81907429;hr0166
chr1; 79114707; 81907429;hr0630
chr1; 81152286; 81907429;hr1081
chr1; 85439744; 88016091;hr1000
chr1; 90746658; 93629109;hr0173
chr1; 90746658; 93629109;hr1224
chr1; 90778785; 93629109;hr0246
chr1;102251454;103300849;hr1137
chr1; 16564748; 16564856;hr0077
chr21;  8797588;  8797984;hr0077
chr15; 39894314; 39894344;hr0077
chr8; 38661815; 38661844;hr0077
chr1; 16564748; 16564856;hr0950
chr21;  8797588;  8797984;hr0950
chr15; 39894314; 39894344;hr0950
chr8; 38661815; 38661844;hr0950
chr1; 16564748; 16564856;hr0031
chr21;  8797588;  8797984;hr0031
chr15; 39894314; 39894344;hr0031
chr8; 38661815; 38661844;hr0031
chr1;156305490;156384556;hr1158
chr1;156499571;157158705;hr0179
chr1;157035361;157158705;hr0555
chr1;157621560;163624051;hr0819
chr1;160618452;162364310;hr0976
chr1;161234748;163624051;hr0856
chr1;162093233;163624051;hr1061
chr1;164399192;167812400;hr0788
chr1;164631834;167812400;hr0068
chr1;165675627;167812400;hr0670
chr1;165914065;167812400;hr0254
chr1;167163645;167812400;hr1091
chr1;169027720;169671331;hr1086
chr1;169027720;169671331;hr1087
chr1;171253875;171595660;hr0476
chr1;174092706;174883920;hr1139
chr1;179787503;180514198;hr0671
chr1;181539040;181806942;hr0895
chr1;182627593;183789836;hr0079
chr1;182865629;183789836;hr0757
chr1;184800839;184896669;hr0619
chr10; 78468614; 78468656;hr0619
chr1;192640515;198645045;hr0442
chr10; 78468614; 78468656;hr0442
chr1;200239055;201828568;hr0701
chr1;201051722;205953579;hr0229
chr10; 78468614; 78468656;hr0229
chr1;203366574;205953579;hr0631
chr10; 78468614; 78468656;hr0631
chr1;204102761;205953579;hr0557
chr10; 78468614; 78468656;hr0557
chr1;204163509;205953579;hr0016
chr10; 78468614; 78468656;hr0016
chr1;204376263;205953579;hr0312
chr10; 78468614; 78468656;hr0312
chr1;204376264;205953579;hr0893
chr10; 78468614; 78468656;hr0893
chr1;206858446;210326594;hr0481
chr1;207971727;210326594;hr0037
chr1;212625634;213121901;hr0531
chr9;136033381;136035712;hr0531
chr1;214857808;215589120;hr1062
chr1;220695165;223538659;hr0313
chr9;136033381;136035712;hr0313
chr1;221551570;223538659;hr0123
chr9;136033381;136035712;hr0123
chr1;222106887;223538659;hr0632
chr9;136033381;136035712;hr0632
chr1;226578880;228556410;hr0896
chr1;234313222;234688499;hr0167
chr1;234768163;235056464;hr0005
chr1;234832204;235056464;hr0774
chr1;235375704;235451472;hr0007
chr1;237032806;239767191;hr0092
chr1;240679136;241576024;hr0188
chr1; 55563837; 55563957;hr0789
chrX;111575000;111575057;hr0789
chr3; 43941885; 43941950;hr0789
chr12;133200065;133200121;hr0789
chr2;110298565;110298606;hr0789
chr11; 20691473; 20691478;hr0789
chr7; 39274873; 39274928;hr0789
chr13; 81560626; 81560696;hr0789
chr1; 55563837; 55563957;hr0855
chrX;111575000;111575057;hr0855
chr3; 43941885; 43941950;hr0855
chr12;133200065;133200121;hr0855
chr2;110298565;110298606;hr0855
chr11; 20691473; 20691478;hr0855
chr7; 39274873; 39274928;hr0855
chr13; 81560626; 81560696;hr0855
chr1; 55563837; 55563957;hr0204
chrX;111575000;111575057;hr0204
chr3; 43941885; 43941950;hr0204
chr12;133200065;133200121;hr0204
chr2;110298565;110298606;hr0204
chr11; 20691473; 20691478;hr0204
chr7; 39274873; 39274928;hr0204
chr13; 81560626; 81560696;hr0204
chr1; 55563837; 55563957;hr0244
chrX;111575000;111575057;hr0244
chr3; 43941885; 43941950;hr0244
chr12;133200065;133200121;hr0244
chr2;110298565;110298606;hr0244
chr11; 20691473; 20691478;hr0244
chr7; 39274873; 39274928;hr0244
chr13; 81560626; 81560696;hr0244
chr1; 55563837; 55563957;hr0734
chrX;111575000;111575057;hr0734
chr3; 43941885; 43941950;hr0734
chr12;133200065;133200121;hr0734
chr2;110298565;110298606;hr0734
chr11; 20691473; 20691478;hr0734
chr7; 39274873; 39274928;hr0734
chr13; 81560626; 81560696;hr0734
chr1; 55563837; 55563957;hr1098
chrX;111575000;111575057;hr1098
chr3; 43941885; 43941950;hr1098
chr12;133200065;133200121;hr1098
chr2;110298565;110298606;hr1098
chr11; 20691473; 20691478;hr1098
chr7; 39274873; 39274928;hr1098
chr13; 81560626; 81560696;hr1098
chr2;    29443;   775832;hr0737
chr2;    50813;   775832;hr0234
chr2;    50813;   775832;hr0396
chr2;    72184;   775832;hr0061
chr2;  2709170;  3139780;hr0335
chr2;  3694565;  4040958;hr0550
chr2;  3857409;  4040958;hr0315
chr2;  4423547;  4971198;hr0611
chr2;  8588779;  8926884;hr1155
chr2;  8588779;  8926884;hr1216
chr2;  8648308;  8926884;hr0653
chr2;  9557041;  9972035;hr0273
chr2; 12106631; 12985351;hr0702
chr18; 21144846; 21145040;hr0702
chr2; 13481922; 14193754;hr0258
chr2; 15688625; 15889883;hr0482
chr18; 21144846; 21145040;hr0482
chr2; 16617194; 16686131;hr0689
chr2; 18915686; 18932737;hr0713
chr2; 20431089; 20489004;hr0288
chr2; 22542708; 23042192;hr1120
chr2; 22888264; 23042192;hr0397
chr18; 21144846; 21145040;hr0397
chr2; 22888265; 23042192;hr0633
chr18; 21144846; 21145040;hr0633
chr2; 23117005; 23456289;hr0621
chr18; 21144846; 21145040;hr0621
chr2; 30408826; 31502296;hr0468
chr18; 21144846; 21145040;hr0468
chr2; 35860122; 35932101;hr0645
chr18; 21144846; 21145040;hr0645
chr2; 35860123; 35932101;hr0647
chr18; 21144846; 21145040;hr0647
chr2; 36430521; 38075874;hr1063
chr2; 37591306; 38075874;hr0559
chr2; 38089429; 38875890;hr1126
chr2; 42866626; 43011523;hr0626
chr2; 45799761; 49393427;hr0646
chr2; 47356825; 49393427;hr0981
chr2; 49310656; 49393427;hr1140
chr2; 56149666; 57578304;hr1159
chr2; 56863051; 60380593;hr0874
chr2; 58770577; 62001045;hr1010
chr2; 59026779; 63424747;hr0038
chr2; 60814020; 62366497;hr1157
chr2; 60814020; 62366497;hr1218
chr2; 61649830; 63424747;hr0951
chr2; 65583454; 66111255;hr1084
chr2; 69532283; 70562400;hr1209
chr2; 70542232; 70821586;hr0135
chr1;144103610;144103663;hr0135
chr22; 16558286; 16558315;hr0135
chr14; 87391719; 87391825;hr0135
chr9; 40365644; 40365693;hr0135
chr2; 71944285; 72114467;hr0688
chr2; 77460671; 80064126;hr0421
chr2; 79706468; 80186117;hr0116
chr1;144103610;144103663;hr0116
chr2; 80510848; 80920914;hr0257
chr1;144103610;144103663;hr0257
chr22; 16558286; 16558315;hr0257
chr14; 87391719; 87391825;hr0257
chr9; 40365644; 40365693;hr0257
chr2; 87333379; 87333429;hr0875
chr1;144105988;144106010;hr0875
chr22; 16558286; 16558315;hr0875
chr14; 87391719; 87391825;hr0875
chr9; 40365644; 40365693;hr0875
chr2; 98375330; 99405214;hr0117
chr2;100137441;102045921;hr0729
chr2;102965464;105152483;hr0736
chr2;105406365;105820068;hr1049
chr2;109690651;115162850;hr0620
chr2;111481729;115162850;hr0333
chr2;111897664;115162850;hr0267
chr2;111897664;115162850;hr1229
chr2;112652437;115162850;hr0287
chr2;113965225;115162850;hr1064
chr2;114204074;115162850;hr0963
chr2;126685269;127541974;hr0272
chr2;128520882;129009686;hr0781
chr2;130876293;133127976;hr0074
chr2;133865963;134570792;hr0776
chr2;134533563;134570792;hr0532
chr2;136591416;139517070;hr0500
chr2;141317992;143867588;hr0873
chr2;150459950;153161163;hr0017
chr2;153548566;154309902;hr0507
chr2;157168140;159128232;hr0060
chr2;158741426;159128232;hr1088
chr2;159463148;161508727;hr1011
chr2;162721041;168339257;hr1160
chr2;167833027;169392308;hr0813
chr2;168562135;171935515;hr0373
chr2;169305889;171935515;hr0274
chr2;170724831;171935515;hr1142
chr2;170897013;171935515;hr0549
chr2;176595971;177800483;hr1065
chr2;181436237;182835319;hr0758
chr2;188894552;193245080;hr0790
chr2;193803150;198996572;hr0364
chr2;196881122;198996572;hr0791
chr2;198792296;198996572;hr0943
chr2;198809926;198996572;hr0398
chr2;201683241;205088493;hr1212
chr2;211512306;212324279;hr0558
chr2;212102284;212324279;hr0898
chr2;213063949;215058608;hr0634
chr2;221291550;221916340;hr1001
chr2;230173117;230205020;hr0059
chr2;231478398;231675178;hr0334
chr2;232645912;233139031;hr1161
chr2;237270380;237872490;hr0841
chr2;238067111;238893337;hr0205
chr2;238814306;238893337;hr0314
chr2;238831331;238893337;hr0782
chr2;239856142;239862438;hr1066
chr2;241091675;241650446;hr0730
chr3;    18322;    22314;hr0591
chr3;    29221;    31390;hr0704
chr3;    29221;    31390;hr0714
chr3;   143999;   626770;hr0474
chr3;  2642673;  3558253;hr0089
chr3;  2642673;  4139043;hr0093
chr3;  2879776;  4139043;hr0484
chr3;  4378571;  4707976;hr1121
chr3;  4780460;  4898604;hr0008
chr3;  5633028;  6281291;hr0336
chr3;  7482416;  8294126;hr0864
chr3; 11794064; 11940800;hr0483
chr3; 13481509; 13674168;hr0361
chr3; 13481509; 13674168;hr1233
chr3; 18411046; 22044316;hr0230
chr3; 19277131; 22254998;hr0422
chr3; 21762935; 22254998;hr0612
chr3; 23744429; 30310037;hr1113
chr3; 25880041; 30310037;hr0876
chr3; 26381978; 30310037;hr1002
chr3; 28929418; 30310037;hr0049
chr3; 30154501; 30310037;hr0964
chr3; 32896104; 36661782;hr0635
chr3; 35124584; 36661782;hr0601
chr3; 40589857; 41683588;hr1182
chr3; 48126900; 48386941;hr0986
chr3; 58063664; 58801702;hr1114
chr3; 59917075; 60110491;hr0899
chr3; 63406732; 64807723;hr0424
chr3; 63519514; 64807723;hr0560
chr3; 65306286; 66184594;hr0444
chr3; 67037088; 67956155;hr0794
chr3; 70501310; 72455502;hr0793
chr3; 71912242; 77472155;hr0739
chr3; 74271989; 77126332;hr0275
chr3; 74882724; 78221421;hr0795
chr3; 76104933; 78221421;hr0927
chr3; 82516751; 85110700;hr0193
chr3; 82738643; 84151382;hr1210
chr3; 87036062; 88536939;hr0673
chr3; 87036062; 88536939;hr1219
chr3; 87594064; 89017438;hr1156
chr3; 87594064; 89017438;hr1217
chr3; 87950813; 90455704;hr0792
chr3; 88278276; 90379136;hr1207
chr3; 94883132; 96375346;hr1181
chr3; 98383840;105883294;hr0952
chr3;101117886;105624170;hr0796
chr3;108220936;109254844;hr0596
chr3;113906084;124927858;hr0050
chr3;119542528;120816673;hr1146
chr3;122217522;123696666;hr0316
chr3;125097051;125715865;hr0654
chr3;125733998;130395565;hr0080
chr3;133882047;134250593;hr0533
chr3;136050903;138022296;hr0562
chr3;145361951;151210131;hr0223
chr3;147652970;151210131;hr1012
chr3;150649694;151210131;hr0953
chr3;151611737;151967453;hr0485
chr3;159759704;159930889;hr0703
chr3;159981288;159987968;hr0655
chr3;161934481;163854218;hr1122
chr3;162607382;164276719;hr0676
chr3;162607382;164276719;hr1222
chr3;165592957;166832059;hr0598
chr3;165660855;170479999;hr0337
chr3;166820706;170479999;hr0932
chr3;167740515;170479999;hr0563
chr3;175772881;185957623;hr0423
chr3;178826528;185957623;hr0009
chr3;183468286;185957623;hr0469
chr3;185250299;185957623;hr0180
chr3;186177129;186941374;hr0627
chr3;188443918;188884292;hr0900
chr3;191410652;194203771;hr1123
chr3;192617749;194143453;hr0738
chr3;193707600;194324172;hr0877
chr3;194722830;195458801;hr0561
chr3;195068434;195458801;hr0759
chr3;196108648;196638894;hr0725
chr3;196150732;198106066;hr0731
chr4;    45413;    48964;hr0222
chr4;    45413;    48964;hr0339
chr4;    45413;    48964;hr0400
chr4;    48286;    48964;hr0136
chr4;    48286;    48964;hr0039
chr4;    48287;    48964;hr0095
chr4;    75280;    76831;hr0564
chr4;    75281;    76831;hr0220
chr4;   899499;  1429358;hr0447
chr4;  3452726;  6321726;hr0622
chr4;  4374860;  6904371;hr0290
chr4;  5987070;  8619839;hr0207
chr4;  8615833;  8619839;hr0975
chr4;  9984086; 10712050;hr0445
chr4; 10409124; 15499310;hr0705
chr4; 11533660; 15499310;hr0236
chr4; 15715697; 24754782;hr0340
chr4; 15933645; 24754782;hr1149
chr4; 21386849; 24754782;hr1038
chr4; 21452002; 24754782;hr0565
chr4; 25512780; 31108715;hr1201
chr4; 26006405; 31819295;hr0289
chr4; 32328289; 32833016;hr1202
chr4; 35780622; 37553656;hr0218
chr4; 37340998; 37840873;hr1106
chr4; 39301859; 40294776;hr0822
chr4; 40703970; 44992586;hr0679
chr4; 42713579; 49336924;hr0427
chr4; 56262340; 58520069;hr1044
chr4; 56709133; 58520069;hr1127
chr4; 57906094; 58520069;hr1203
chr4; 59815797; 62574544;hr0865
chr4; 63259449; 69981582;hr0208
chr4; 64627991; 67852768;hr1050
chr4; 66897852; 69981582;hr1107
chr4; 68967289; 69981582;hr1115
chr4; 69636262; 69981582;hr0096
chr4; 69890368; 69981582;hr0821
chr4; 70142194; 74419000;hr0879
chr4; 76543920; 77358741;hr0425
chr4; 81460472; 81790248;hr0672
chr4; 82732963; 86919726;hr0589
chr4; 85654583; 86919726;hr0656
chr4; 87760648; 88456904;hr0399
chr4; 94765924; 99146407;hr0081
chr4; 94781896; 99146407;hr0090
chr4; 98204508; 99146407;hr1162
chr4; 98537826; 99146407;hr1183
chr4;102471708;102650220;hr0520
chr4;107271583;107592512;hr0715
chr4;108703925;114948422;hr0317
chr4;110443010;113051699;hr0146
chr4;111324363;117440709;hr0878
chr4;114077299;117440709;hr0534
chr4;117650334;136821032;hr0446
chr4;119115915;121295643;hr0988
chr4;122061158;132117520;hr0004
chr4;127134013;132536352;hr0508
chr4;128544540;136821032;hr0277
chr4;136695284;136821032;hr0760
chr4;139536275;141475806;hr0206
chr4;140672561;141475806;hr1128
chr4;146449003;147594774;hr0070
chr4;153542555;165520281;hr0153
chr4;158264617;160881298;hr0338
chr4;168015265;176683930;hr0740
chr4;169018691;176683930;hr0426
chr4;169018692;173435513;hr0783
chr4;177048542;179474352;hr0391
chr4;177727937;179474352;hr0082
chr4;178519554;179474352;hr0181
chr4;180989773;184146051;hr0784
chr4;181561819;184365936;hr0797
chr4;182109002;184365936;hr0880
chr4;182484713;184365936;hr0091
chr4;182484713;184365936;hr0094
chr4;187787337;189828546;hr0276
chr4;187922151;189828546;hr1150
chr5;   163653;  1248238;hr0356
chr5;   618470;  1785328;hr0401
chr5;  1671084;  1785328;hr0138
chr5;  2101014;  4025148;hr0777
chr5;  2497370;  3783637;hr0882
chr5;  3309184;  4025148;hr0551
chr5;  6337127;  7876497;hr0268
chr5;  6337127;  7876497;hr1230
chr5; 10889727; 13435537;hr0680
chr5; 16943075; 17530548;hr0944
chr5; 17931745; 26908271;hr0761
chr5; 27619362; 31711130;hr0428
chr5; 31002502; 31837903;hr0945
chr5; 31385828; 31837903;hr0566
chr5; 31861897; 32398519;hr1039
chr5; 33225147; 33448856;hr0741
chr5; 38527125; 46405539;hr0613
chr5; 41034499; 44392040;hr0696
chr5; 43598250; 46405539;hr0857
chr5; 54406754; 54639231;hr0826
chr5; 58767969; 59165017;hr0341
chr5; 59927412; 65813011;hr0657
chr5; 61583732; 65813011;hr0071
chr5; 66860311; 68407737;hr0946
chr5; 67244652; 68407737;hr0535
chr5; 74555953; 77741345;hr0997
chr5; 74863312; 77741345;hr0825
chr5; 78678603; 80177236;hr0019
chr5; 78980324; 80177236;hr0174
chr5; 78980324; 80177236;hr1225
chr5; 81233937; 82927574;hr1013
chr5; 89144694; 92340311;hr0823
chr5; 89445260; 92340311;hr0706
chr5; 97706873;103175416;hr0998
chr5;102048098;103175416;hr0368
chr5;113923074;115317924;hr0674
chr5;113923074;115317924;hr1220
chr5;115955593;116433608;hr0536
chr5;116496359;117468008;hr0189
chr5;117154661;117468008;hr1053
chr5;117995293;120191090;hr0392
chr5;125719568;126279495;hr0063
chr5;127629938;128357869;hr0901
chr5;129315931;132017366;hr0762
chr5;130111631;132360108;hr0448
chr5;135623786;135641351;hr0763
chr5;135801355;136177396;hr0002
chr5;141919878;144155072;hr0375
chr5;148807867;150490027;hr0502
chr5;150102214;150490027;hr0690
chr5;151111243;152598353;hr0154
chr5;151924745;152598353;hr1208
chr5;152232665;152598353;hr0137
chr5;154385791;155759167;hr0824
chr5;155096972;155759167;hr0291
chr5;159086823;159580979;hr1147
chr5;164093606;165409562;hr0501
chr5;166857864;168959169;hr0018
chr5;169098861;169150041;hr0374
chr5;169410483;172533839;hr0462
chr5;170539664;172533839;hr0933
chr5;171698478;172533839;hr0062
chr5;172469541;172533839;hr0522
chr5;173217651;176384091;hr0858
chr5;173217651;176384091;hr0928
chr5;173298333;176384091;hr0921
chr5;173531161;175812697;hr0235
chr5;174233344;176384091;hr0902
chr5;176519800;179797565;hr1067
chr5;178983537;179797565;hr0881
chr6;   194720;   892737;hr0402
chr6;   194720;   892737;hr0470
chr6;  2123510;  5212987;hr1163
chr6;  2509209;  5212987;hr1099
chr6;  3503451;  5212987;hr0742
chr6;  8810827; 11367053;hr0318
chr6; 10324711; 12196677;hr1100
chr6; 11005608; 12301387;hr0032
chr6; 12292538; 12301387;hr0463
chr6; 15817647; 20251468;hr0449
chr6; 16984296; 21975314;hr0866
chr6; 21606698; 21975314;hr0190
chr6; 22100138; 23036706;hr1129
chr6; 22868919; 23036706;hr0210
chr6; 23464781; 26670670;hr0139
chr6; 24219259; 26670670;hr0798
chr6; 27303564; 27798266;hr1144
chr6; 27476935; 27798266;hr1108
chr6; 29223611; 30268976;hr0675
chr6; 29223611; 30268976;hr1221
chr6; 32218468; 36800143;hr0764
chr6; 40928917; 41135838;hr0785
chr9; 64198500; 64200392;hr0785
chr6; 43957869; 46079531;hr0343
chr6; 45436036; 47007962;hr0403
chr9; 64198500; 64200392;hr0403
chr6; 46936414; 47007962;hr0197
chr9; 64198500; 64200392;hr0197
chr6; 47369849; 48661661;hr0989
chr6; 49055576; 49078234;hr0965
chr6; 50360764; 51124665;hr1014
chr6; 52720734; 57448000;hr0098
chr9; 64198500; 64200392;hr0098
chr6; 52925029; 57448000;hr0371
chr9; 64198500; 64200392;hr0371
chr6; 56618003; 57448000;hr0692
chr9; 64198500; 64200392;hr0692
chr6; 57027180; 57448000;hr0247
chr9; 64198500; 64200392;hr0247
chr6; 57788603; 57791863;hr0033
chr9; 64198500; 64200392;hr0033
chr6; 62747828; 63658708;hr0012
chr6; 67654972; 67882823;hr0155
chr6; 68331968; 70187405;hr0014
chr6; 68331968; 70187405;hr0015
chr6; 72897060; 73816403;hr1164
chr6; 79757878; 82798153;hr0990
chr6; 82061426; 82798153;hr1047
chr6; 94964191; 94970826;hr0006
chr6; 95530236;101556108;hr0342
chr6;100091520;101556108;hr0099
chr6;100185462;101556108;hr0681
chr6;105809123;106857451;hr0603
chr6;107991063;108443377;hr0982
chr6;117258421;118865850;hr0020
chr6;122780501;124220986;hr0114
chr6;129084764;130785975;hr0604
chr6;130446883;130785975;hr0537
chr6;134280236;136970619;hr0602
chr6;138163791;144225814;hr0147
chr6;139070354;144225814;hr1124
chr6;139305965;143331783;hr0743
chr6;143160606;144225814;hr0097
chr6;147604614;149925250;hr0786
chr6;155053194;157238333;hr0209
chr6;155328521;157238333;hr0203
chr6;156181535;157238333;hr0140
chr6;156535880;157238333;hr0552
chr6;161862162;164255158;hr0519
chr6;162239033;164255158;hr0567
chr6;164184680;164255158;hr0614
chr6;164613628;164762877;hr1199
chr6;165653493;167433117;hr0429
chr6;165784982;167433117;hr0658
chr6;166644538;167433117;hr0083
chr6;167405373;167433117;hr0903
chr7;    46238;   232484;hr0320
chr7;    46238;   232484;hr0570
chr7;   214824;   232484;hr1015
chr7;  2938097;  3150268;hr0118
chr7;  6897706;  8003321;hr0142
chr7;  8323497;  9691349;hr1151
chr7;  8594581;  9691349;hr0523
chr7;  9088611;  9691349;hr1165
chr7;  9929336;  9929705;hr0775
chr7; 11529042; 11749130;hr0844
chr7; 13837082; 16786078;hr0966
chr7; 14084439; 16786078;hr0168
chr7; 17548448; 17795500;hr1068
chr7; 22004823; 22210274;hr0269
chr7; 22004823; 22210274;hr1231
chr7; 22116141; 22210274;hr0069
chr7; 28868012; 28949912;hr0319
chr7; 30136688; 30863964;hr0486
chr7; 30807131; 30863964;hr0450
chr7; 31453010; 31867502;hr1054
chr7; 34072047; 35250630;hr0248
chr7; 40882836; 40972514;hr0156
chr7; 41034698; 41968065;hr0378
chr22; 15765317; 15765377;hr0378
chrX; 58466378; 58466428;hr0378
chr14; 94658026; 94658080;hr0378
chr13; 21186683; 21186716;hr0378
chr2;135275091;135275210;hr0378
chr9; 88958735; 88959017;hr0378
chr16;  5203758;  5203809;hr0378
chr20;  4031884;  4032291;hr0378
chr7; 42269351; 46029521;hr0357
chr7; 43118878; 46029521;hr0451
chr7; 43509519; 46029521;hr1037
chr7; 46408920; 47367640;hr0859
chr22; 15765317; 15765377;hr0859
chrX; 58466378; 58466428;hr0859
chr14; 94658026; 94658080;hr0859
chr13; 21186683; 21186716;hr0859
chr2;135275091;135275210;hr0859
chr9; 88958735; 88959017;hr0859
chr16;  5203758;  5203809;hr0859
chr20;  4031884;  4032291;hr0859
chr7; 46625153; 47367640;hr0278
chr7; 49778721; 50331035;hr0904
chr22; 15765317; 15765377;hr0904
chrX; 58466378; 58466428;hr0904
chr14; 94658026; 94658080;hr0904
chr13; 21186683; 21186716;hr0904
chr2;135275091;135275210;hr0904
chr9; 88958735; 88959017;hr0904
chr16;  5203758;  5203809;hr0904
chr20;  4031884;  4032291;hr0904
chr7; 50477873; 50556070;hr0682
chr22; 15765317; 15765377;hr0682
chrX; 58466378; 58466428;hr0682
chr14; 94658026; 94658080;hr0682
chr13; 21186683; 21186716;hr0682
chr2;135275091;135275210;hr0682
chr9; 88958735; 88959017;hr0682
chr16;  5203758;  5203809;hr0682
chr20;  4031884;  4032291;hr0682
chr7; 52372162; 52669180;hr0452
chr22; 15765317; 15765377;hr0452
chrX; 58466378; 58466428;hr0452
chr14; 94658026; 94658080;hr0452
chr13; 21186683; 21186716;hr0452
chr2;135275091;135275210;hr0452
chr9; 88958735; 88959017;hr0452
chr16;  5203758;  5203809;hr0452
chr20;  4031884;  4032291;hr0452
chr7; 53129509; 56883078;hr0219
chr22; 15765317; 15765377;hr0219
chrX; 58466378; 58466428;hr0219
chr14; 94658026; 94658080;hr0219
chr13; 21186683; 21186716;hr0219
chr2;135275091;135275210;hr0219
chr9; 88958735; 88959017;hr0219
chr16;  5203758;  5203809;hr0219
chr20;  4031884;  4032291;hr0219
chr7; 53129510; 56883078;hr0221
chr22; 15765317; 15765377;hr0221
chrX; 58466378; 58466428;hr0221
chr14; 94658026; 94658080;hr0221
chr13; 21186683; 21186716;hr0221
chr2;135275091;135275210;hr0221
chr9; 88958735; 88959017;hr0221
chr16;  5203758;  5203809;hr0221
chr20;  4031884;  4032291;hr0221
chr7; 57537435; 57994625;hr0119
chr22; 15765317; 15765377;hr0119
chrX; 58466378; 58466428;hr0119
chr7; 64615564; 65235323;hr0571
chr14; 94658026; 94658080;hr0571
chr13; 21186683; 21186716;hr0571
chr2;135275091;135275210;hr0571
chr22; 30060084; 30060162;hr0571
chr9; 88958735; 88959017;hr0571
chr16;  5203758;  5203809;hr0571
chr20;  4031884;  4032291;hr0571
chrX; 92475005; 92475193;hr0571
chr7; 67019504; 67019567;hr0509
chrX; 92475005; 92475193;hr0509
chr7; 68633275; 69279124;hr0293
chr7; 82388132; 87784818;hr0553
chr7; 82388132; 87784818;hr0365
chr7; 83872938; 87784818;hr0270
chrX; 45216629; 45216900;hr0270
chr7; 83872938; 87784818;hr1232
chrX; 45216629; 45216900;hr1232
chr7; 88138858; 88591561;hr0799
chr7;101524307;101557388;hr0744
chr7;103936540;104137181;hr0937
chr2; 25723274; 25723306;hr0937
chrX; 41211745; 41211821;hr0937
chr3;113046575;113046642;hr0937
chr1; 76112088; 76112121;hr0937
chr16; 58396775; 58396811;hr0937
chr7;105978723;106826867;hr0983
chr7;107664182;108179227;hr0430
chr7;108618348;108867725;hr0157
chr7;108736866;108867725;hr0377
chr2; 25723274; 25723306;hr0377
chrX; 41211745; 41211821;hr0377
chr3;113046575;113046642;hr0377
chr1; 76112088; 76112121;hr0377
chr16; 58396775; 58396811;hr0377
chr7;115276592;127821592;hr0431
chr2; 25723274; 25723306;hr0431
chrX; 41211745; 41211821;hr0431
chr3;113046575;113046642;hr0431
chr1; 76112088; 76112121;hr0431
chr16; 58396775; 58396811;hr0431
chr7;115529133;124444975;hr1051
chr7;116065744;127821592;hr0487
chr2; 25723274; 25723306;hr0487
chrX; 41211745; 41211821;hr0487
chr3;113046575;113046642;hr0487
chr1; 76112088; 76112121;hr0487
chr16; 58396775; 58396811;hr0487
chr7;117830639;127821592;hr0746
chr2; 25723274; 25723306;hr0746
chrX; 41211745; 41211821;hr0746
chr3;113046575;113046642;hr0746
chr1; 76112088; 76112121;hr0746
chr16; 58396775; 58396811;hr0746
chr7;123008340;127821592;hr0648
chr2; 25723274; 25723306;hr0648
chrX; 41211745; 41211821;hr0648
chr3;113046575;113046642;hr0648
chr1; 76112088; 76112121;hr0648
chr16; 58396775; 58396811;hr0648
chr7;123343654;127821592;hr0568
chr2; 25723274; 25723306;hr0568
chrX; 41211745; 41211821;hr0568
chr3;113046575;113046642;hr0568
chr1; 76112088; 76112121;hr0568
chr16; 58396775; 58396811;hr0568
chr7;139629070;139694631;hr0765
chr7;140223257;142234422;hr0376
chr7;142095481;142234422;hr0922
chr7;142323574;142323833;hr0292
chr7;148053102;149224774;hr0404
chr7;148945912;149224774;hr0488
chr7;150150198;150382135;hr0745
chr7;151128228;151195597;hr0716
chr7;152492709;154573549;hr0569
chr7;154736307;155333453;hr0659
chr7;154824901;155333453;hr0141
chr8;   211221;  1281986;hr0022
chr8;   227068;  1214482;hr1166
chr8;   234318;  1281986;hr0660
chr8;   234319;  1281986;hr0453
chr8;  1116168;  1281986;hr0503
chr8;  4512007;  5278271;hr0930
chr8;  9295272; 10264805;hr1145
chr8; 10411294; 11166289;hr0321
chr8; 11609235; 12234345;hr0021
chr8; 12694108; 18378903;hr0211
chr8; 12752445; 14093990;hr0954
chr8; 14144511; 17138926;hr1184
chr8; 14981497; 18378903;hr1069
chr8; 15488159; 18378903;hr0294
chr8; 16861309; 18378903;hr0101
chr8; 17016760; 18378903;hr0225
chr8; 17019233; 18378903;hr0405
chr8; 18214398; 18378903;hr0636
chr8; 20732784; 21647253;hr0249
chr8; 30613926; 30763323;hr1204
chr8; 36942482; 38969667;hr0935
chr8; 37124212; 38969667;hr1040
chr8; 40015415; 41660439;hr0295
chr8; 41859811; 42511936;hr0280
chr8; 42600703; 43983744;hr1185
chr8; 48128275; 48695004;hr0226
chr8; 48806132; 49637246;hr0322
chr8; 61412544; 63186170;hr0393
chr8; 62476977; 63186170;hr1130
chr8; 67994286; 74448817;hr0344
chr8; 69453673; 71621536;hr0623
chr8; 69733519; 74448817;hr0860
chr8; 71338135; 74448817;hr0100
chr8; 74004108; 74448817;hr0143
chr8; 82637279; 85214592;hr0358
chr8; 85865384; 86514462;hr0102
chr8; 88748700; 89628910;hr0455
chr8; 90785674; 93072504;hr0883
chr8; 93378199; 95583903;hr0489
chr8; 94619957; 96092536;hr1041
chr8; 95522097; 96092536;hr0624
chr8; 98180190;101054900;hr0224
chr8; 99330385;108145469;hr0546
chr8;100907092;108145469;hr0661
chr8;101477475;108145469;hr0279
chr8;105656901;108145469;hr0905
chr8;106830067;108145469;hr0051
chr8;110341793;111579153;hr0987
chr8;115250440;115400284;hr0827
chr8;122436015;122902969;hr0023
chr8;122947681;124033045;hr1042
chr8;125242017;125556637;hr0454
chr8;125653881;126243938;hr0547
chr8;127611394;127715272;hr1194
chr8;131282217;132569134;hr0766
chr8;133322661;133370759;hr0649
chr8;133926143;138350060;hr0683
chr8;135189530;136669375;hr0475
chr8;138762165;139297284;hr0370
chr8;141404225;141713823;hr0572
chr8;141458155;141713823;hr1116
chr9;    46587; 10471487;hr0868
chr9;    46687;  2170511;hr0466
chr9;    46687;  2170511;hr1214
chr9;   216124;  2160378;hr0907
chr9;  1094643; 12712749;hr0538
chr9;  2155164;  4507513;hr1070
chr9;  3593961; 12712749;hr1167
chr9;  3810280;  7720366;hr0800
chr9;  4024539;  8093062;hr0747
chr9;  4413449;  8894910;hr0906
chr9;  6641916;  8894909;hr0684
chr9;  7373050;  8460177;hr0024
chr9;  8915141; 12712749;hr0593
chr9; 11254070; 12712749;hr1092
chr9; 13055897; 14074100;hr0104
chr9; 14338470; 14406582;hr0354
chr9; 17250918; 20537027;hr0828
chr9; 19303230; 20537027;hr0768
chr9; 25816367; 28101542;hr0296
chr9; 25890598; 27484497;hr0212
chr9;   102389;   102432;hr0490
chr20; 12425872; 12425914;hr0490
chr22; 39211770; 39211815;hr0490
chr2; 34575729; 34575824;hr0490
chr3; 82914679; 82914779;hr0490
chr18;   837353;   837416;hr0490
chr15; 78246334; 78246370;hr0490
chr17; 15506084; 15506115;hr0490
chr5; 52497949; 52498002;hr0490
chr14; 78362173; 78362240;hr0490
chr21;  9861799;  9861829;hr0490
chr4; 87347116; 87347494;hr0490
chrX; 51290449; 51290492;hr0490
chr8; 60760581; 60760607;hr0490
chr7;111243886;111243893;hr0490
chr11; 60439529; 60439602;hr0490
chr10; 62588591; 62588622;hr0490
chr16; 63125437; 63125466;hr0490
chr19; 54971445; 54971507;hr0490
chr9; 27214721; 34601398;hr0869
chr9;   102389;   102432;hr0967
chr20; 12425872; 12425914;hr0967
chr22; 39211770; 39211815;hr0967
chr2; 34575729; 34575824;hr0967
chr3; 82914679; 82914779;hr0967
chr18;   837353;   837416;hr0967
chr15; 78246334; 78246370;hr0967
chr17; 15506084; 15506115;hr0967
chr5; 52497949; 52498002;hr0967
chr14; 78362173; 78362240;hr0967
chr21;  9861799;  9861829;hr0967
chr4; 87347116; 87347494;hr0967
chrX; 51290449; 51290492;hr0967
chr8; 60760581; 60760607;hr0967
chr7;111243886;111243893;hr0967
chr11; 60439529; 60439602;hr0967
chr10; 62588591; 62588622;hr0967
chr16; 63125437; 63125466;hr0967
chr19; 54971445; 54971507;hr0967
chr9; 31837336; 34601398;hr0884
chr9;   102389;   102432;hr0103
chr20; 12425872; 12425914;hr0103
chr22; 39211770; 39211815;hr0103
chr2; 34575729; 34575824;hr0103
chr3; 82914679; 82914779;hr0103
chr18;   837353;   837416;hr0103
chr15; 78246334; 78246370;hr0103
chr17; 15506084; 15506115;hr0103
chr5; 52497949; 52498002;hr0103
chr14; 78362173; 78362240;hr0103
chr21;  9861799;  9861829;hr0103
chr4; 87347116; 87347494;hr0103
chrX; 51290449; 51290492;hr0103
chr8; 60760581; 60760607;hr0103
chr7;111243886;111243893;hr0103
chr11; 60439529; 60439602;hr0103
chr10; 62588591; 62588622;hr0103
chr16; 63125437; 63125466;hr0103
chr19; 54971445; 54971507;hr0103
chr9; 69653039; 79125685;hr0297
chr9; 71636278; 79125685;hr0084
chr9; 73627239; 75169082;hr0697
chr9; 75513064; 79125685;hr1152
chr9; 76010723; 79125685;hr0491
chr9; 77581922; 79125685;hr0662
chr9; 78272966; 79125685;hr0379
chr9; 78272966; 79125685;hr0259
chr9; 81285590; 88574793;hr0845
chr9; 82896390; 89728501;hr0767
chr9; 88324118; 89728501;hr1071
chr9; 94246741; 98141896;hr0040
chr9; 96109095;101905801;hr0075
chr9; 96229021;103741859;hr1186
chr9; 98048754;103741859;hr0150
chr9;105107553;106914612;hr0693
chr9;106535306;108096954;hr0492
chr9;107662294;108096954;hr0105
chr9;107871935;108096954;hr1036
chr9;116766649;117386764;hr0867
chr9;116778581;117386764;hr0195
chr9;121662964;129784037;hr1072
chr9;123697100;130310781;hr0144
chr9;129141644;130310781;hr0779
chr9;129662953;130310781;hr0432
chr9;130894834;133257993;hr0539
chr9;130998604;133257993;hr0947
chr9;131141262;133257993;hr0345
chr9;133657064;134176071;hr0250
chr9;134078105;134176071;hr0573
chr9;134271816;135465539;hr0955
chr9;134495182;136275151;hr0281
chr9;134695782;136275151;hr0778
chr10;    58486;  1231176;hr0380
chr10;    58487;  1231176;hr0908
chr10;    58487;  1231176;hr0830
chr10;    89767;  1231176;hr0041
chr10;  1162311;  1231176;hr1045
chr10;  1201082;  1231176;hr0999
chr10;  3736632;  5148266;hr0524
chr10;  6136998;  6326757;hr1016
chr10;  6171997;  6326757;hr0085
chr10;  6182801;  6326757;hr0494
chr1;125169943;125170022;hr0494
chr10;  6183224;  6326757;hr0717
chr10;  7112902;  7563116;hr0829
chr10;  7115524;  7563116;hr1055
chr10;  7611115; 11332621;hr0323
chr10;  7851160; 11332621;hr1017
chr10; 10738932; 11332621;hr1059
chr10; 12530035; 12832176;hr0574
chr10; 14785131; 17735879;hr0594
chr10; 15086578; 17735879;hr0694
chr10; 16670668; 17735879;hr0663
chr1;125169943;125170022;hr0663
chr18; 62049472; 62049518;hr0663
chr5; 24186440; 24186484;hr0663
chr3;131700922;131700970;hr0663
chr22; 10586992; 10587018;hr0663
chr8;119255093;119255178;hr0663
chr14; 19504999; 19505064;hr0663
chr4;189797956;189798017;hr0663
chr10; 16672466; 17735879;hr0366
chr10; 21025675; 29280612;hr0948
chr10; 24276252; 28326644;hr1109
chr10; 30357029; 31499112;hr1018
chr1;125169943;125170022;hr1018
chr10; 36359817; 38529907;hr0227
chr1;125169943;125170022;hr0227
chr18; 62049472; 62049518;hr0227
chr5; 24186440; 24186484;hr0227
chr3;131700922;131700970;hr0227
chr22; 10586992; 10587018;hr0227
chr8;119255093;119255178;hr0227
chr14; 19504999; 19505064;hr0227
chr4;189797956;189798017;hr0227
chr10; 36766132; 38529907;hr0718
chr1;125169943;125170022;hr0718
chr10; 44360215; 45831278;hr1019
chr18; 62049472; 62049518;hr1019
chr5; 94773924; 94774246;hr1019
chr10; 44511028; 45680859;hr0541
chr18; 62049472; 62049518;hr0541
chr5; 24186440; 24186484;hr0541
chr3;131700922;131700970;hr0541
chr22; 10586992; 10587018;hr0541
chr8;119255093;119255178;hr0541
chr14; 19504999; 19505064;hr0541
chr4;189797956;189798017;hr0541
chr10; 45680766; 45680859;hr1020
chr3;131700922;131700970;hr1020
chr22; 10586992; 10587018;hr1020
chr5; 24186440; 24186484;hr1020
chr8;119255093;119255178;hr1020
chr14; 19504999; 19505064;hr1020
chr4;189797956;189798017;hr1020
chr10; 45680766; 45680859;hr1131
chr10; 55909267; 56007127;hr1141
chr10; 59479715; 61835784;hr0124
chr10; 59692994; 60852956;hr0815
chr10; 76969635; 78085366;hr0780
chr10; 81530038; 83722745;hr1132
chr10; 83494714; 85438013;hr1153
chr10; 83895686; 85438013;hr0726
chr10; 83970311; 85438013;hr0732
chr10; 86231467; 89264268;hr0996
chr10; 86677779; 96160342;hr0477
chr10; 90180493; 96160342;hr0639
chr10; 90545152; 96160342;hr0125
chr10; 90681796; 93622016;hr1003
chr10;100328204;103627836;hr0615
chr10;101290813;103627836;hr0464
chr10;101938947;103595224;hr0685
chr10;104217962;112452199;hr0213
chr10;104762908;112143751;hr0360
chr10;112442460;112452199;hr0298
chr10;112442460;112452199;hr0359
chr10;112894438;114395959;hr1004
chr10;116816095;118177484;hr1168
chr10;119518085;120936497;hr0664
chr10;121428749;121719701;hr0324
chr10;122126414;122353056;hr0493
chr10;123737474;124109956;hr1089
chr10;125142871;126927500;hr0120
chr10;127913819;130827730;hr1021
chr10;129829497;130827730;hr0870
chr10;129937797;130827730;hr0540
chr10;130254986;130827730;hr0769
chr11;   198509;  1076475;hr0243
chr11;   204228;  1076475;hr1056
chr11;   206766;  1076475;hr0251
chr11;   206767;  1076475;hr0929
chr11;   224675;  1076475;hr0260
chr11;   339942;  1076475;hr0237
chr3;103829079;103829385;hr0237
chr11;  2278951;  6173223;hr1005
chr3;103829079;103829385;hr1005
chr11;  4388155;  5938805;hr0072
chr11;  7691429;  7695674;hr0148
chr3;103829079;103829385;hr0148
chr11; 10647625; 14079946;hr0956
chr11; 12615243; 14079946;hr0325
chr11; 16959940; 19594490;hr0052
chr11; 19243678; 19594490;hr0511
chr11; 24863792; 25683130;hr0151
chr11; 25242977; 25683130;hr0707
chr11; 26137705; 30785450;hr0606
chr11; 26987800; 31639896;hr0434
chr20; 28534739; 28534795;hr0434
chr2; 94531009; 94531062;hr0434
chr12; 34504916; 34504974;hr0434
chr11; 29349155; 31639896;hr1125
chr11; 31844742; 33886884;hr0478
chr20; 28534739; 28534795;hr0478
chr2; 94531009; 94531062;hr0478
chr12; 34504916; 34504974;hr0478
chr11; 35468343; 35762761;hr0957
chr20; 28534739; 28534795;hr0957
chr2; 94531009; 94531062;hr0957
chr12; 34504916; 34504974;hr0957
chr11; 40290299; 44815998;hr0968
chr20; 28534739; 28534795;hr0968
chr2; 94531009; 94531062;hr0968
chr12; 34504916; 34504974;hr0968
chr11; 42632232; 44815998;hr0169
chr20; 28534739; 28534795;hr0169
chr2; 94531009; 94531062;hr0169
chr12; 34504916; 34504974;hr0169
chr11; 44498427; 44815998;hr0575
chr20; 28534739; 28534795;hr0575
chr2; 94531009; 94531062;hr0575
chr12; 34504916; 34504974;hr0575
chr11; 44669928; 44815998;hr0042
chr20; 28534739; 28534795;hr0042
chr2; 94531009; 94531062;hr0042
chr12; 34504916; 34504974;hr0042
chr11; 45326815; 45394260;hr0984
chr20; 28534739; 28534795;hr0984
chr2; 94531009; 94531062;hr0984
chr12; 34504916; 34504974;hr0984
chr11; 46169430; 46320708;hr0846
chr20; 28534739; 28534795;hr0846
chr2; 94531009; 94531062;hr0846
chr12; 34504916; 34504974;hr0846
chr11; 46896432; 47441286;hr1143
chr11; 47341733; 47441286;hr0025
chr20; 28534739; 28534795;hr0025
chr2; 94531009; 94531062;hr0025
chr12; 34504916; 34504974;hr0025
chr11; 48088395; 49958897;hr0369
chr20; 28534739; 28534795;hr0369
chr2; 94531009; 94531062;hr0369
chr12; 34504916; 34504974;hr0369
chr11; 48122793; 49958897;hr1043
chr20; 28534739; 28534795;hr1043
chr2; 94531009; 94531062;hr1043
chr12; 34504916; 34504974;hr1043
chr11; 48605067; 49958897;hr0677
chr20; 28534739; 28534795;hr0677
chr2; 94531009; 94531062;hr0677
chr12; 34504916; 34504974;hr0677
chr11; 48605067; 49958897;hr1223
chr20; 28534739; 28534795;hr1223
chr2; 94531009; 94531062;hr1223
chr12; 34504916; 34504974;hr1223
chr11; 49102844; 49958897;hr0616
chr20; 28534739; 28534795;hr0616
chr2; 94531009; 94531062;hr0616
chr12; 34504916; 34504974;hr0616
chr11; 49102845; 49958897;hr0698
chr20; 28534739; 28534795;hr0698
chr2; 94531009; 94531062;hr0698
chr12; 34504916; 34504974;hr0698
chr11; 50517097; 50809993;hr0638
chr20; 28534739; 28534795;hr0638
chr2; 94531009; 94531062;hr0638
chr12; 34504916; 34504974;hr0638
chr11; 50564718; 50809993;hr0597
chr20; 28534739; 28534795;hr0597
chr2; 94531009; 94531062;hr0597
chr12; 34504916; 34504974;hr0597
chr11; 61197988; 65130885;hr0605
chr11; 69362278; 69896033;hr0175
chr11; 69362278; 69896033;hr1226
chr11; 70542145; 70950777;hr0554
chr11; 72749110; 75250378;hr0637
chr11; 72764979; 75250378;hr0548
chr11; 75572608; 75872371;hr1073
chr11; 76626136; 77040498;hr0433
chr11; 79236732; 79362725;hr0064
chr11; 80358462; 80715288;hr0910
chr11; 86918193; 87531762;hr0126
chr11; 88435770; 90192011;hr0816
chr11; 97286660; 97952597;hr0938
chr11; 99419668; 99840192;hr0576
chr11;103771240;104743199;hr0027
chr11;104077716;104743199;hr0871
chr11;107144143;108038716;hr0121
chr11;107179241;108038716;hr0346
chr11;110124562;110370489;hr1187
chr11;113220508;114876827;hr0831
chr11;117488528;118623917;hr0299
chr11;120259803;121670027;hr0456
chr11;121437815;121670027;hr0686
chr11;122134416;123865218;hr0231
chr11;122214185;123865218;hr0198
chr11;123273374;123865218;hr0510
chr11;123524640;123865218;hr0909
chr11;124070879;124217181;hr1046
chr11;127441856;131410601;hr0381
chr11;130385217;131410601;hr0406
chr11;131231885;131410601;hr1101
chr11;131652362;132540584;hr0026
chr12;    52215;  1936932;hr0408
chr12;    57166;  6825350;hr0199
chr12;  2036132;  3452644;hr0719
chr12;  3000880;  6825350;hr0435
chr12;  3218419;  6825350;hr0934
chr12;  3954990;  5992959;hr0832
chr12;  4353338;  5644753;hr0525
chr12;  6668121;  6825350;hr0787
chr12;  7057810;  7082572;hr0720
chr12;  8472294;  9841849;hr1205
chr12;  8577359;  9841849;hr0409
chr12; 10338913; 11179183;hr0013
chr12; 16719975; 21910802;hr0504
chr12; 20080457; 21910802;hr0665
chr12; 20390323; 21910802;hr0651
chr12; 22769595; 25847422;hr1022
chr12; 22780350; 24402687;hr0512
chr12; 24138297; 25847422;hr0528
chr12; 29920400; 30576014;hr0577
chr12; 30125858; 30576014;hr0599
chr12; 31728207; 33190395;hr0640
chr12; 32560985; 33190395;hr0770
chr12; 32817893; 33190395;hr1048
chr12; 32876102; 33190395;hr1198
chr12; 33079107; 33190395;hr0176
chr12; 33079107; 33190395;hr1227
chr12; 33254751; 34703759;hr0542
chr12; 33581336; 34703759;hr1206
chr12; 42856553; 44204051;hr0182
chr12; 44814081; 51205467;hr1006
chr12; 47902702; 51205467;hr0395
chr12; 52332011; 53530509;hr1133
chr12; 55670295; 57052590;hr0699
chr12; 57721487; 58577467;hr0495
chr12; 59191470; 60927794;hr1180
chr12; 64697534; 80454445;hr1023
chr12; 66486062; 70569606;hr0053
chr12; 66898075; 69506427;hr0578
chr12; 68981425; 80454445;hr0847
chr12; 70251612; 78851328;hr0911
chr12; 70425858; 80454445;hr1169
chr12; 72225407; 80454445;hr0228
chr12; 74185443; 75474169;hr1138
chr12; 78901820; 80454445;hr0467
chr12; 78901820; 80454445;hr1215
chr12; 92434492; 95708771;hr0382
chr12; 93924454; 95708771;hr1170
chr12; 94138125; 95347116;hr0513
chr12; 94552936; 95708771;hr0043
chr12; 96529577;104419591;hr0065
chr12;101260781;103826098;hr0607
chr12;104680986;107267624;hr0054
chr12;113522999;116652646;hr0496
chr12;115744719;119753332;hr0028
chr12;115749854;119753332;hr0122
chr12;115884184;117988607;hr0383
chr12;116454018;119132258;hr0367
chr12;124930472;126968444;hr0385
chr12;125327575;126968444;hr0407
chr12;126471580;126968444;hr1057
chr12;128956564;132222447;hr0183
chr12;129748352;132154482;hr1188
chr12;130619368;132222447;hr0384
chr13; 18471487; 19338382;hr0410
chr13; 21224307; 24192184;hr1134
chr13; 23085627; 24192184;hr0362
chr13; 23085627; 24192184;hr1234
chr13; 23147703; 24192184;hr0801
chr13; 25943671; 26161807;hr0650
chr13; 26915635; 28970548;hr0544
chr13; 27524365; 32737094;hr0771
chr13; 29551679; 32737094;hr0939
chr13; 35668794; 40689277;hr1189
chr13; 35913410; 40689277;hr1007
chr13; 36539374; 37743884;hr1171
chr13; 36719540; 40126593;hr0958
chr13; 38775330; 40252468;hr1093
chr13; 43869586; 44872880;hr0347
chr13; 44033590; 44872880;hr0641
chr13; 45054093; 48001072;hr1094
chr13; 48213323; 52143914;hr0238
chr13; 64764402; 66457345;hr0348
chr13; 67889811; 71866528;hr0666
chr13; 81151235; 86186189;hr0326
chr13; 81556746; 85037223;hr1024
chr13; 85837312; 86186189;hr1025
chr13;100950695;100973522;hr0579
chr13;103028883;104502977;hr0543
chr13;104984263;105350889;hr0349
chr13;107063625;109333218;hr0386
chr13;107353667;109333218;hr0055
chr13;111985751;113271904;hr0708
chr13;112200830;113271904;hr0912
chr14; 20596858; 21496032;hr0872
chr11;107460485;107460511;hr0872
chr14; 20613584; 21496032;hr0387
chr11;107460485;107460511;hr0387
chr4; 76917177; 76917179;hr0387
chr17;  2447796;  2447822;hr0387
chr3;150820764;150820800;hr0387
chr14; 21157082; 21496032;hr0545
chr11;107460485;107460511;hr0545
chr14; 22066726; 22069893;hr0913
chr11;107460485;107460511;hr0913
chr4; 76917177; 76917179;hr0913
chr17;  2447796;  2447822;hr0913
chr3;150820764;150820800;hr0913
chr14; 22860236; 24177197;hr0441
chr14; 23345360; 24177197;hr0833
chr14; 23590071; 24177197;hr1082
chr14; 24783887; 25739063;hr1197
chr14; 24784137; 27089157;hr1196
chr14; 25862672; 30606663;hr0472
chr14; 30136370; 30606663;hr0748
chr14; 34063807; 36362792;hr0128
chr14; 38242409; 38285752;hr1026
chr14; 39645715; 40521190;hr1172
chr14; 42462861; 49019193;hr0158
chr14; 54639365; 61890006;hr0969
chr14; 56710451; 63310647;hr0170
chr14; 58371949; 63310647;hr0115
chr14; 67760914; 72152245;hr0471
chr14; 70487431; 72152245;hr0802
chr14; 74220025; 75487660;hr0239
chr14; 76117431; 80508557;hr0300
chr14; 83610037; 85063534;hr0086
chr14; 84005289; 87399062;hr0252
chr14; 51214659; 51214683;hr0282
chr15; 21693023; 21693111;hr0282
chrX; 70710845; 70710880;hr0282
chr16; 31516796; 31516894;hr0282
chr3; 24633474; 24633548;hr0282
chr9; 24791583; 24791605;hr0282
chr2; 78493819; 78493852;hr0282
chr6; 19131198; 19131249;hr0282
chr4; 52974881; 52974949;hr0282
chr7; 19051240; 19051322;hr0282
chr10;111229778;111229819;hr0282
chr8; 82611403; 82611476;hr0282
chr1; 66020763; 66020826;hr0282
chr12; 79052597; 79052825;hr0282
chr20; 53396953; 53397003;hr0282
chr13; 50545915; 50546001;hr0282
chr11; 45010845; 45010912;hr0282
chr5; 16359289; 16359303;hr0282
chr17; 14603055; 14603061;hr0282
chr14; 84173672; 86566865;hr1102
chr14; 96093122; 97170364;hr1173
chr14; 97524463; 99018008;hr0814
chr14;100451034;104405899;hr0127
chr14; 51214659; 51214683;hr1193
chr15; 21693023; 21693111;hr1193
chrX; 70710845; 70710880;hr1193
chr16; 31516796; 31516894;hr1193
chr3; 24633474; 24633548;hr1193
chr9; 24791583; 24791605;hr1193
chr2; 78493819; 78493852;hr1193
chr6; 19131198; 19131249;hr1193
chr4; 52974881; 52974949;hr1193
chr7; 19051240; 19051322;hr1193
chr10;111229778;111229819;hr1193
chr8; 82611403; 82611476;hr1193
chr1; 66020763; 66020826;hr1193
chr12; 79052597; 79052825;hr1193
chr20; 53396953; 53397003;hr1193
chr13; 50545915; 50546001;hr1193
chr11; 45010845; 45010912;hr1193
chr5; 16359289; 16359303;hr1193
chr17; 14603055; 14603061;hr1193
chr15; 19866419; 20510848;hr0411
chr15; 19971839; 20510848;hr1095
chr15; 25595255; 27344388;hr0497
chr15; 26975566; 27344388;hr0886
chr15; 29881682; 32103870;hr1074
chr15; 34115266; 40350676;hr1174
chr15; 35428317; 40407805;hr0302
chr15; 46003033; 47144526;hr0517
chr15; 50380223; 54227747;hr1175
chr15; 58457475; 63333590;hr0265
chr15; 60919107; 63333590;hr0526
chr15; 61088878; 63333590;hr0350
chr15; 68715975; 69022524;hr0044
chr15; 69023863; 69118044;hr1190
chr15; 70109755; 71807642;hr0479
chr15; 73883936; 74386734;hr0885
chr15; 74791152; 77042762;hr0149
chr15; 82282537; 82289441;hr0301
chr15; 87132015; 89812675;hr0159
chr15; 90836769; 93056819;hr0749
chr15; 93057746; 94328586;hr0327
chr15; 93106209; 95190984;hr0581
chr15; 93106209; 96398057;hr0514
chr15; 97883457; 98024315;hr0363
chr15; 97883457; 98024315;hr1235
chr15;100009902;101328979;hr0580
chr16;    36670;    57969;hr0283
chr16;    51262;    57969;hr0328
chr16;  5445967;  7454741;hr0848
chr16;  5883558;  6847764;hr0887
chr16;  6669891;  7454741;hr0160
chr22; 16266733; 16266787;hr0160
chr16;  6984267;  7454741;hr0970
chr16;  7096475;  7454741;hr0617
chr16; 10640616; 11399489;hr0233
chr16; 18959299; 21042556;hr0457
chr16; 19038056; 21042556;hr1154
chr22; 16266733; 16266787;hr1154
chr16; 19073975; 21042556;hr0029
chr16; 19386621; 21042556;hr0106
chr22; 16266733; 16266787;hr0106
chr16; 25057244; 33154515;hr0111
chr22; 16266733; 16266787;hr0111
chr16; 25057244; 33154515;hr0110
chr22; 16266733; 16266787;hr0110
chr16; 26090979; 33154515;hr0214
chr22; 16266733; 16266787;hr0214
chr16; 26983860; 33154515;hr0112
chr22; 16266733; 16266787;hr0112
chr16; 27082052; 33154515;hr0355
chr22; 16266733; 16266787;hr0355
chr16; 49731037; 51906374;hr1027
chr16; 50385984; 51906374;hr1083
chr16; 50839084; 51906374;hr0940
chr16; 52387755; 57813722;hr0618
chr16; 55866454; 57686575;hr0804
chr16; 57084295; 57813722;hr0194
chr16; 57887588; 64351266;hr0849
chr16; 59716318; 64351266;hr0772
chr16; 60594578; 62362330;hr0583
chr16; 62330865; 64351266;hr0412
chr16; 63401134; 64351266;hr0642
chr16; 72956654; 74274116;hr1075
chr16; 75554607; 76277704;hr0803
chr16; 77757095; 80945536;hr1028
chr16; 79038094; 80980230;hr0667
chr16; 79491481; 80980230;hr0582
chr16; 80654260; 80980230;hr1135
chr16; 80921495; 80980230;hr0232
chr16; 80946392; 80980230;hr1029
chr16; 81787925; 84161125;hr0529
chr16; 86191475; 88355777;hr0196
chr16; 86323557; 88355777;hr1176
chr16; 87804145; 88355777;hr0351
chr17;   157096;   446835;hr0177
chr17;   157096;   446835;hr1228
chr17;  1069255;  1117084;hr0107
chr17;  2690924;  4171155;hr1110
chr17;  3878498;  4171155;hr0200
chr17;  5028258;  5383568;hr0458
chr17;  8032964;  8821896;hr0109
chr17;  9477504; 11277086;hr0915
chr17;  9818832; 13473975;hr0304
chr17; 10382650; 12340968;hr0941
chr17; 11297624; 15440207;hr0113
chr17; 13188196; 15440207;hr0261
chr17; 13393081; 15440207;hr0914
chr17; 13932892; 15440207;hr0709
chr17; 14698451; 15440207;hr0498
chr17; 15076037; 15440207;hr0991
chr17; 16965247; 18594745;hr0888
chr17; 17440808; 18594745;hr0971
chr17; 20762368; 21253217;hr0161
chr17; 31787121; 32435385;hr1111
chr17; 41609461; 41862241;hr0184
chr17; 41653194; 41862241;hr0972
chr17; 46788635; 48037708;hr0108
chr17; 51688308; 53044189;hr0436
chr17; 51763182; 53044189;hr0700
chr17; 52931959; 53044189;hr0303
chr17; 54889041; 57490390;hr0215
chr17; 55118930; 57882583;hr0834
chr17; 55411639; 57938311;hr0530
chr17; 56484130; 63583528;hr0130
chr17; 57757172; 63583528;hr1191
chr17; 69486212; 72433080;hr0889
chr17; 73401227; 74855245;hr1148
chr17; 74470080; 74855245;hr0710
chr17; 74739489; 74855245;hr0584
chr17; 76685352; 77973513;hr0162
chr17; 77060264; 77973513;hr0992
chr17; 77547287; 77973513;hr0030
chr17; 80189159; 80295456;hr0590
chr17; 80418591; 81426071;hr0773
chr17; 80821755; 81426071;hr1058
chr18;    11543;   764213;hr0918
chr18;    12842;   764213;hr0066
chr18;   100948;   764213;hr0515
chr18;   136304;   764213;hr0805
chr18;   136304;   764213;hr0389
chr18;   497729;   764213;hr1076
chr18;  1028295;  2156045;hr0046
chr18;  2392820;  2678027;hr0057
chr18;  2392820;  2678027;hr0056
chr18;  2742126;  3611387;hr0712
chr18;  2893415;  3611387;hr0727
chr18;  2900641;  3611387;hr0733
chr18;  3133303;  3611387;hr0305
chr18;  3520556;  3611387;hr0329
chr18;  6404554;  7169666;hr0891
chr18;  6666503;  7169666;hr0625
chr18;  7172751;  9667862;hr0668
chr18;  7747874;  9667862;hr0201
chr18;  8384849;  9667862;hr0045
chr18;  9009313;  9667862;hr1211
chr18;  9805456; 10684835;hr0284
chr18; 10074397; 10684835;hr0592
chr18; 11180760; 15410899;hr0240
chr18; 26502745; 28828241;hr0973
chr18; 27974351; 28828241;hr0923
chr18; 30439242; 31086560;hr0459
chr18; 38619707; 41772233;hr0993
chr18; 43979355; 45918033;hr0262
chr18; 45384059; 45918033;hr0959
chr18; 50760375; 54532766;hr0890
chr18; 50794644; 52831181;hr0917
chr18; 52850538; 54532766;hr0687
chr18; 55039475; 57380924;hr0413
chr18; 60735890; 62551100;hr0806
chr18; 61654504; 63585275;hr1077
chr18; 61922351; 63585275;hr0216
chr18; 63484141; 63585275;hr0460
chr18; 63831162; 64167733;hr0067
chr18; 67956102; 69244044;hr0861
chr18; 69379690; 71991371;hr1177
chr18; 71646991; 71991371;hr0850
chr18; 72301959; 74579212;hr0608
chr18; 72438295; 73724935;hr0585
chr18; 73485837; 74579212;hr0916
chr18; 73830758; 74579212;hr0892
chr18; 73849722; 74579212;hr0145
chr18; 76146581; 76379002;hr1008
chr18; 76407462; 76496529;hr0711
chr18; 76623396; 76691421;hr0388
chr18; 76959190; 78009864;hr0505
chr18; 77246650; 78009864;hr0171
chr18; 77396083; 78009864;hr1117
chr19;  2663851;  4122685;hr0924
chr7;101645381;101648747;hr0924
chr2;156451733;156451765;hr0924
chr19;  2953088;  4122685;hr0330
chr19;  3365640;  4122685;hr0437
chr7;101645381;101648747;hr0437
chr19;  4365399;  4499637;hr0073
chr19;  5212911;  7304078;hr0516
chr7;101645381;101648747;hr0516
chr2;156451733;156451765;hr0516
chr19;  6782562;  7304078;hr0352
chr7;101645381;101648747;hr0352
chr2;156451733;156451765;hr0352
chr19;  7136597;  7304078;hr0264
chr7;101645381;101648747;hr0264
chr2;156451733;156451765;hr0264
chr19;  7597642;  7873420;hr0586
chr2;156451733;156451765;hr0586
chr3; 48210572; 48210684;hr0586
chr19;  7598881;  7873420;hr0217
chr2;156451733;156451765;hr0217
chr19;  8251425;  8604001;hr0163
chr2;156451733;156451765;hr0163
chr19; 11160190; 11416216;hr0266
chr19; 11366107; 11416216;hr0600
chr19; 13156371; 13880763;hr1192
chr3; 48210572; 48210684;hr1192
chr19; 15342606; 15619687;hr0306
chr3; 48210572; 48210684;hr0306
chr19; 16939757; 17172573;hr0131
chr3; 48210572; 48210684;hr0131
chr19; 17816232; 18031202;hr1103
chr3; 48210572; 48210684;hr1103
chr19; 23888352; 24448980;hr0461
chr19; 29775694; 30910612;hr0807
chr19; 30648984; 30910612;hr0506
chr19; 31323811; 33691621;hr0263
chr19; 33180717; 33691621;hr0285
chr19; 34572398; 34778458;hr0521
chr19; 35066889; 35147319;hr0808
chr19; 44686890; 44691783;hr0587
chr19; 46475311; 47028203;hr0185
chr19; 50669961; 50812227;hr1104
chr19; 50675429; 50812227;hr0241
chr19; 50760039; 50812227;hr1178
chr19; 51827055; 53449632;hr0253
chr19; 55969004; 56088071;hr1118
chr19; 56465208; 56575934;hr0628
chr20;    81153;   298046;hr0809
chr20;    88767;   298046;hr0721
chr20;   110447;   298046;hr1078
chr12; 32563071; 32563121;hr1078
chr20;   110547;   298046;hr1136
chr20;   614395;   774462;hr1031
chr12; 32563071; 32563121;hr1031
chr20;   638747;   774462;hr0307
chr20;  1936643;  3296013;hr0588
chr20;  5588016;  5968059;hr0643
chr20;  6127316;  8251674;hr0011
chr20;  6802626;  8251674;hr0414
chr20;  7016758;  8251674;hr0152
chr20; 10630415; 11965424;hr0722
chr20; 11269699; 12520408;hr0242
chr20; 12316735; 12520408;hr1096
chr20; 12728190; 12783630;hr0438
chr12; 32563071; 32563121;hr0438
chr20; 16214723; 16479142;hr0974
chr20; 22758175; 22919508;hr0390
chr12; 32563071; 32563121;hr0390
chr20; 22899677; 22919508;hr0835
chr20; 31929699; 32540216;hr0415
chr12; 32563071; 32563121;hr0415
chr20; 32596796; 32719649;hr0669
chr12; 32563071; 32563121;hr0669
chr20; 40544088; 41503386;hr0925
chr20; 47694394; 48035805;hr0132
chr20; 47987834; 48035805;hr1079
chr20; 50165204; 51488783;hr1179
chr20; 51162269; 51488783;hr1030
chr20; 51392255; 51488783;hr0862
chr20; 55482713; 55506695;hr1097
chr20; 56766625; 58787154;hr0010
chr20; 58051899; 58787154;hr0994
chr20; 60984217; 61918859;hr0919
chr21; 13099846; 14242428;hr0439
chr21; 15393794; 15893595;hr0960
chr21; 16920015; 17001739;hr0836
chr21; 17428009; 17429881;hr0133
chr21; 17636782; 17734368;hr0752
chr21; 17715017; 17734368;hr1032
chr21; 18291796; 18446799;hr0926
chr21; 21454629; 21464646;hr0751
chr21; 22108850; 22130163;hr0331
chr21; 23780711; 23826632;hr0837
chr21; 27014343; 27952528;hr0851
chr21; 28342633; 28361785;hr0750
chr21; 28827228; 28872343;hr1009
chr21; 32048356; 32099240;hr0499
chr21; 33001764; 33044921;hr0087
chr21; 34903001; 35240867;hr1033
chr21; 36744739; 36810657;hr1085
chr21; 37561751; 37681051;hr0644
chr21; 38358336; 38435282;hr0985
chr21; 39906376; 39938679;hr0440
chr21; 41598049; 41806668;hr0723
chr22; 15280113; 15281637;hr0129
chr22; 15280113; 15281637;hr0165
chr4; 89346515; 89346564;hr0165
chr10; 90331452; 90331494;hr0165
chrX;154768707;154768835;hr0165
chr16; 26372359; 26372396;hr0165
chr1;226114941;226114970;hr0165
chr22; 16576248; 17362550;hr1112
chr4; 89346515; 89346564;hr1112
chr10; 90331452; 90331494;hr1112
chrX;154768707;154768835;hr1112
chr16; 26372359; 26372396;hr1112
chr1;226114941;226114970;hr1112
chr22; 17145774; 17362550;hr0172
chr4; 89346515; 89346564;hr0172
chr10; 90331452; 90331494;hr0172
chrX;154768707;154768835;hr0172
chr16; 26372359; 26372396;hr0172
chr1;226114941;226114970;hr0172
chr22; 17241645; 17362550;hr0202
chr4; 89346515; 89346564;hr0202
chr10; 90331452; 90331494;hr0202
chrX;154768707;154768835;hr0202
chr16; 26372359; 26372396;hr0202
chr1;226114941;226114970;hr0202
chr22; 18339129; 18401837;hr0473
chr1;226114941;226114970;hr0473
chr22; 22200684; 22201067;hr1105
chr22; 22377389; 22385260;hr1090
chr22; 22939432; 22940877;hr0417
chr22; 24923276; 25944108;hr0308
chr22; 25201875; 25944108;hr0088
chr22; 26021990; 26567332;hr0949
chr22; 27763683; 29197571;hr0418
chr22; 27769346; 29197571;hr1034
chr22; 27779752; 29197571;hr0353
chr22; 32554067; 32836704;hr0961
chr22; 33502382; 33614944;hr0753
chr22; 36299382; 36309095;hr1080
chr22; 38394523; 38448873;hr0852
chr22; 38464065; 39866805;hr0164
chr22; 42292526; 43423028;hr0920
chr22; 47894005; 48002410;hr1035
chr22; 47929774; 48002410;hr0394
chr22; 48313754; 49094096;hr0076
chr22; 48331446; 49094096;hr0416
